x_utm,y_utm,zone,longitude,latitude,BAEI.01_direct_path,BAEI.01_diffracted_path,BAEI.02_direct_path,BAEI.02_diffracted_path,BAEI.03_direct_path,BAEI.03_diffracted_path,BAEI.04_direct_path,BAEI.04_diffracted_path,BAEI.05_direct_path,BAEI.05_diffracted_path,BAEI.06_direct_path,BAEI.06_diffracted_path,BAIS.01_direct_path,BAIS.01_diffracted_path,BAIS.02_direct_path,BAIS.02_diffracted_path,BAIS.03_direct_path,BAIS.03_diffracted_path,BAIS.04_direct_path,BAIS.04_diffracted_path,BATI._direct_path,BATI._diffracted_path,lts_velocity_at5C,lts_azimuth,sigma_tau,apparent_over_true_velocity
436756.8956000004,6779035.4465,Kite,-148.1745552525025,61.140775114968605,3001.4310776487814,3001.4310776487814,3063.0583439665843,3063.0583439665843,3030.957959564909,3030.957959564909,2980.7591311924753,2980.7591311924753,2967.2261683049487,2967.2261683049487,3011.06646337595,3011.06646337595,2700.053753258707,2700.053753258707,2699.895142302816,2699.895142302816,2729.7092989156254,2729.7092989156254,2713.978703654928,2713.978703654928,113.44612079524568,113.64330822987233,0.3480013721256851,289.4376328611507,0.003177203634328311,1.0408700566365228
436890.82799999975,6779114.0013999995,Kite,-148.17209460060624,61.14150177467083,2898.8034342047545,2898.8034342047545,2962.4266316245853,2962.4266316245853,2932.436880451179,2932.436880451179,2882.212478479762,2882.212478479762,2866.265107219787,2866.265107219787,2910.646699008903,2910.646699008903,2720.6692333144283,2720.6692333144283,2717.8183694984023,2717.8183694984023,2749.7786652432314,2749.7786652432314,2733.2270699476408,2733.2270699476408,171.85509424007805,171.9556923194616,0.34749060683918126,292.0234670048208,0.0027927252831368775,1.0393423606695678
437005.2747999998,6779258.819200002,Kite,-148.17001765932068,61.14282002731822,2844.964277173518,2844.964277173518,2911.4450438249346,2911.4450438249346,2884.715959039522,2884.715959039522,2834.583938582676,2834.583938582676,2815.0364212530067,2815.0364212530067,2860.126979706479,2860.126979706479,2812.7060939785665,2813.884259614768,2807.264677323547,2808.3303046302135,2841.3160985285326,2842.423332485026,2823.96290772591,2825.0605420586926,313.66366527455403,317.6363858176101,0.3465130795239611,295.67764742523457,0.00253337698138494,1.0364185822208165
437136.9737,6779282.357999999,Kite,-148.16757998196982,61.1430524308569,2725.355806775117,2725.355806775117,2793.458827008897,2793.458827008897,2767.871009788673,2767.871009788673,2717.2085758682797,2717.2085758682797,2695.8764612888526,2695.8764612888526,2741.885275078972,2741.885275078972,2773.4770289946277,2773.480077718632,2765.675298498185,2765.6754813021635,2801.6764947735905,2801.6772408120514,2783.567172763521,2783.5677834226685,482.88586707187267,493.30817613940235,0.34217234456816215,297.1932926378769,0.0032877278644573363,1.0234354695058046
437159.88999999966,6779202.226599999,Kite,-148.16712790270722,61.142336854235104,2668.0328037599047,2668.0328037599047,2735.3271480613093,2735.3271480613093,2708.3473628489623,2708.3473628489623,2657.3100999737953,2657.3100999737953,2637.1997838048896,2637.1997838048896,2683.291061057987,2683.291061057987,2684.536415660119,2684.536415660119,2676.583095139818,2676.583095139818,2712.7070242403315,2712.7070242403315,2694.5485788373903,2694.5485788373903,502.2137786390243,511.9692299473606,0.34350351208516766,295.6282205961611,0.002619313605930112,1.0274169837175295
437370.45160000026,6778955.003799999,Kite,-148.16313646932778,61.14015148182757,2372.7513212263893,2372.7513212263893,2438.283918024329,2438.283918024329,2407.4365748773835,2407.4365748773835,2354.699214061514,2354.699214061514,2337.4121547614977,2337.4121547614977,2384.5467987123975,2384.5467987123975,2361.964766090569,2361.964766090569,2350.621831427569,2350.621831427569,2389.3168192835246,2389.3168192835246,2370.187042622606,2370.187042622606,824.3118845365824,829.9806809184421,0.3326718988769175,291.9142515782205,0.0030237307115007525,0.9950196923371255
437702.3362999996,6778468.224300001,Kite,-148.1568144574602,61.13583503268574,1967.5735079072313,1967.5735079072313,2024.3323675460606,2024.3598814418795,1983.9859743541397,1983.9864124545907,1929.5691269872689,1929.5692521130404,1921.8251430348012,1921.8251430348012,1968.8079270986482,1968.8178499281485,1813.094389469497,1813.094389469497,1794.438069470288,1794.438069470288,1837.7715704464254,1837.7715704464254,1817.027045943515,1817.027045943515,1473.9897131526598,1477.6004966294297,0.3224922569327501,281.6319638474981,0.005693596427441486,0.9645724431718598
436950.34609999973,6778554.2478,Kite,-148.1708034429406,61.13648708119312,2668.528858265011,2668.528858265011,2723.6236947272755,2723.6236947272755,2682.918856107971,2682.918856107971,2631.0137079652254,2631.0137079652254,2625.7324603627103,2625.7324603627103,2669.5162513310624,2669.5162513310624,2099.4847951190136,2099.4847951190136,2098.907515419583,2098.907515419583,2129.636120154755,2129.636120154755,2113.4534872265763,2113.4534872265763,725.8104148453942,728.0831476348853,0.337453266272749,280.1262547723294,0.003444256522066028,1.0093207340879085
436851.7887000004,6778590.6281,Kite,-148.17264526542422,61.136797779149695,2774.791517640794,2774.791517640794,2830.013008279193,2830.013008279193,2789.8808337677906,2789.8808337677906,2738.4074774822043,2738.4074774822043,2732.851234370829,2732.851234370829,2776.270731766721,2776.270731766721,2189.288888384939,2189.288888384939,2190.488160429407,2190.488160429407,2219.6193254978557,2219.6193254978557,2204.076778153965,2204.076778153965,632.5574862393332,634.5270800818915,0.3407168268419625,281.15148671948003,0.0034477685319613087,1.0190820245499674
436789.0822999999,6778667.6219999995,Kite,-148.17383506897463,61.13747876910818,2854.1508780028107,2854.1508780028107,2910.4517950863196,2910.4517950863196,2871.569119011446,2871.569119011446,2820.28373849906,2820.28373849906,2813.46444982495,2813.46444982495,2856.955694146403,2856.955694146403,2295.949362081014,2295.976528403374,2297.7697958223725,2297.778451978834,2326.3405413976748,2326.3557786039196,2311.0258954793435,2311.0392400089013,532.0520344706897,534.8171515638036,0.34291272606738643,281.99476899614274,0.0019111509511143022,1.0256499462141087
436818.75540000014,6778768.2829,Kite,-148.17331769294398,61.13838706347579,2847.830456338521,2847.830456338521,2906.107838839047,2906.107838839047,2869.0480537614276,2869.0480537614276,2817.6441653972306,2817.6441653972306,2808.6382926738042,2808.6382926738042,2852.6855223866805,2852.6855223866805,2375.187996756701,2375.187996756701,2375.687805485306,2375.687805485306,2405.396354300403,2405.396354300403,2389.6373346273213,2389.6373346273213,448.36255530821273,452.7546001059348,0.34582477064095657,284.2449954916483,0.003081047431314912,1.0343598544012675
436781.50189999957,6778823.739700001,Kite,-148.174027823683,61.138878834997286,2901.374242386523,2901.374242386523,2960.2841662509973,2960.2841662509973,2924.1783635698444,2924.1783635698444,2873.04247340713,2873.04247340713,2863.193524429303,2863.193524429303,2907.156344268698,2907.156344268698,2453.385773561323,2453.385773561323,2454.180897240439,2454.180897240439,2483.5524015671926,2483.5524015671926,2467.939296051422,2467.939296051422,369.7133579497114,374.72076939639913,0.3452481127184278,285.8012045219487,0.00243285085528213,1.032635073947627
436756.8956000004,6779035.4465,Kite,-148.1745552525025,61.140775114968605,3001.4310776487814,3001.4310776487814,3063.0583439665843,3063.0583439665843,3030.957959564909,3030.957959564909,2980.7591311924753,2980.7591311924753,2967.2261683049487,2967.2261683049487,3011.06646337595,3011.06646337595,2700.053753258707,2700.053753258707,2699.895142302816,2699.895142302816,2729.7092989156254,2729.7092989156254,2713.978703654928,2713.978703654928,113.44612079524568,113.64330822987233,0.3480013721256851,289.4376328611507,0.003177203634328311,1.0408700566365228
437201.4501,6779835.955200002,Prow,-148.1665660677481,61.14803176181408,2977.3341342315284,2977.3341342315284,3050.5642608868975,3050.5642608868975,3035.9009940240685,3035.9009940240685,2988.641709683762,2988.641709683762,2958.243990343584,2958.243990343584,3003.1626716478195,3003.1626716478195,3344.601783577666,3344.622779108252,3334.531902609744,3334.5487019221596,3371.8767626310278,3371.8943662330857,3353.328420401528,3353.346051520819,837.6884409626651,839.65368930266,0.3461462678739014,307.8103439981019,0.0036618279902967126,1.0353214507335455
437350.36450000014,6779890.915899999,Prow,-148.16381862139056,61.1485488924248,2882.288509710208,2882.288509710208,2957.122728598033,2957.122728598033,2944.9154333148185,2944.9154333148185,2897.916059308135,2897.916059308135,2865.0073600934134,2865.0073600934134,2910.3141600063486,2910.3141600063486,3355.5820995167587,3355.5820995167587,3343.2698743388487,3343.2698743388487,3382.226818351781,3382.226818351781,3363.0864903015417,3363.0864903015417,979.1783984387489,981.2255001690647,0.34186457663305425,310.0296393695419,0.003130055643142974,1.0225149374225833
437336.8707999997,6780090.147500001,Prow,-148.16413508528922,61.15033501063837,3030.430653884159,3030.430653884159,3105.9810496506107,3105.9810496506107,3096.897653148481,3096.897653148481,3051.3051830537042,3051.3051830537042,3016.26619607977,3016.26619607977,3060.77822691003,3060.77822691003,3570.3293072083156,3570.3293072083156,3558.0086151398655,3558.0086151398655,3596.9062173484517,3596.9062173484517,3577.8004228546256,3577.8004228546256,1124.9777122576625,1128.6836673204323,0.3448869236704626,313.0743866290686,0.0037954706684653816,1.0315547596301413
437553.8696999997,6779897.209600002,Prow,-148.16004116971163,61.14863783346643,2725.8337736841295,2725.8337736841295,2801.9854475320967,2801.9854475320967,2792.5871988594445,2792.5871988594445,2746.2690349104937,2746.2690349104937,2710.829677425217,2710.829677425217,2756.1537747911143,2756.1537747911143,3335.720362733727,3335.720362733727,3320.545203753141,3320.545203753141,3361.2451666033726,3361.2451666033726,3341.5137660025025,3341.5137660025025,1132.8323139977065,1133.6866196742803,0.34077107332241224,312.8264061424559,0.0033281876363507002,1.019244275453845
437671.9769000001,6779662.599100001,Prow,-148.15777053236482,61.14655078309351,2474.0566784892785,2474.0566784892785,2550.080725599098,2550.080725599098,2537.7316474977847,2537.7316474977847,2489.4809026043504,2489.4809026043504,2455.475493745321,2455.475493745321,2502.314517610229,2502.314517610229,3063.401279255942,3063.4232620889156,3046.3931600901847,3046.4066321479754,3088.3630679483767,3088.3783005144314,3068.169928265483,3068.185102720719,1144.9051756165347,1148.5347955887994,0.33586230845718973,310.12042494291825,0.0037597601305287913,1.0045621886216294
438278.9001000002,6779385.414999999,Prow,-148.14640911726406,61.14415876104838,1887.2010111199893,1887.211204929983,1964.5374074398126,1964.8824319923733,1956.2441171978442,1956.265059585637,1908.1619348653815,1908.1702585937257,1869.6517113368086,1869.6517113368086,1917.9677530482102,1918.0102069160143,2812.6088620500873,2813.0375385601883,2785.9169013784926,2786.3440491673296,2832.5461566319877,2832.9602157244462,2811.002829556297,2811.4243059997007,1781.1592661334403,1785.4986557681855,0.3303365059265833,313.10122568533285,0.0045195175099033875,0.9880345457624592
438556.70610000007,6779158.5865,Prow,-148.14117686425797,61.142166368927846,1596.721303014024,1596.9320609145332,1671.8618011098854,1674.3589285693718,1664.1917445819774,1665.1533178995069,1616.8707616571644,1617.0730993043915,1578.3262539723407,1578.3262539723407,1626.418239751577,1627.032054214958,2675.774799995845,2675.774799995845,2644.3888450430836,2644.3888450430836,2692.2757166478364,2692.2757166478364,2670.6022726330852,2670.6022726330852,2088.391205029095,2104.937534445493,0.3277485605570827,312.289352266121,0.006526285478710001,0.980294016387904
438469.4924999997,6778954.7733,Prow,-148.14273017492945,61.14032328859693,1529.1523227927316,1529.3269363848665,1601.3781712047146,1603.5510612413814,1585.6664794492672,1586.4626702719083,1535.3567231447662,1535.5586022068492,1503.1128496203967,1503.1128496203967,1552.3993483603228,1552.9493597232697,2454.229705554822,2454.229705554822,2422.9800889174635,2422.9800889174635,2470.837704351867,2470.837704351867,2449.1622001880355,2449.1622001880355,2021.2912022297464,2027.0892954717021,0.32780094230466206,305.37065806087077,0.006176886778986189,0.9804506898867372
438474.0493999999,6778900.016100001,Prow,-148.1426278052582,61.139832506150455,1495.2671314887882,1495.448735189412,1566.6051272830432,1568.849361675555,1549.3210010300872,1550.163129378782,1498.564081665391,1498.7837918442485,1467.6904967341513,1467.6904967341513,1517.0782522001225,1517.6585134028753,2404.865481277193,2404.865481277193,2373.2594877898423,2373.2594877898423,2421.1825992385952,2421.1825992385952,2399.512536083013,2399.512536083013,2030.9734957886058,2033.1452999051953,0.3269045959506006,303.5129485239459,0.004953207916229996,0.9777697232152008
438387.73610000033,6778788.8793,Prow,-148.14419429999393,61.13882140734109,1504.8050402657116,1504.9380697866427,1573.4076651709559,1575.2746978130497,1550.6551391064804,1551.3485531602696,1498.3365258836357,1498.5289586856534,1472.3055077347703,1472.3055077347703,1521.9293182688796,1522.418609205561,2270.1148437250354,2270.1148437250354,2239.159969453621,2239.159969453621,2286.9561195958804,2286.9561195958804,2265.277539835197,2265.277539835197,1974.337964472358,1976.1971006913561,0.32317819111931506,298.5489050533385,0.006466921996457837,0.966624068288329
438218.4614000004,6778666.6532000005,Prow,-148.14729733761314,61.13769770193864,1593.1200802908613,1593.181187859561,1657.6206163490267,1658.8414896896898,1627.9602336241467,1628.4001627977755,1574.1761407837894,1574.3027649883004,1554.7878203042785,1554.7878203042785,1604.114766314086,1604.4418693929385,2099.3547046116923,2099.3547046116923,2070.5011789286423,2070.5011789286423,2117.804158075276,2117.804158075276,2096.143972311196,2096.143972311196,1862.2891758276016,1864.6654227199065,0.32521469418726906,292.13580579915265,0.005550871760413295,0.9727152369832507
438059.78220000025,6778406.0646,Prow,-148.15015828244688,61.13533366810137,1660.7714982653342,1660.7918538682445,1716.688123144099,1717.5860411949636,1677.3629431728893,1677.6976268877956,1623.0772394612177,1623.1735657519023,1614.4796269975625,1614.4796269975625,1661.8134607986685,1662.059780102209,1804.6886097247361,1804.6886097247361,1777.4866957450283,1777.4866957450283,1824.3081713201536,1824.3081713201536,1802.7076191189665,1802.7076191189665,1826.922102773945,1828.9734964646016,0.3223138237272757,281.8752016845205,0.006317178050521754,0.9640387505040594
437845.9502999997,6778415.014599999,Prow,-148.15413087779118,61.13538019754206,1848.902397781795,1848.9032713813913,1904.3866473911205,1904.7376271208814,1863.6582216458382,1863.7156589042158,1809.2680423563854,1809.2914789825618,1802.0981365436826,1802.0981365436826,1849.0952901756195,1849.1884998092698,1770.3074310733987,1770.3074310733987,1748.0006261416374,1748.0006261416374,1793.048095914192,1793.048095914192,1771.8197788510806,1771.8197788510806,1653.5849146983248,1657.0227535949314,0.32141419623959205,280.1599116899302,0.004201469656001379,0.9613479699811629
437695.7302000001,6778472.5911,Prow,-148.15693853143003,61.13587317996005,1974.2994452611347,1974.2994452611347,2031.1493839284587,2031.1736744520806,1990.86921251977,1990.8695592042895,1936.4511504654215,1936.4512357845122,1928.626193778165,1928.626193778165,1975.6239781330755,1975.633032027418,1817.179184050505,1817.179184050505,1798.6906075643267,1798.6906075643267,1841.9418727472548,1841.9418727472548,1821.22148323703,1821.22148323703,1466.5701399676818,1470.2708013135384,0.3224922569327501,281.6319638474981,0.005693596427441486,0.9645724431718598
437374.69519999996,6778948.027899999,Prow,-148.1630553746626,61.14008954434759,2366.370614616497,2366.370614616497,2431.8194551148586,2431.8194551148586,2400.8474376749937,2400.8474376749937,2348.0761739804834,2348.0761739804834,2330.900361472996,2330.900361472996,2378.04421570293,2378.04421570293,2353.84645223488,2353.84645223488,2342.4316957725737,2342.4316957725737,2381.176515795809,2381.176515795809,2362.0285571282484,2362.0285571282484,831.7286616900312,837.2618365719038,0.3329969790615596,291.6831260511179,0.0036020646707000522,0.9959920052568505
437132.3657999998,6779245.122699998,Prow,-148.16765320271625,61.142717474064824,2713.110446995291,2713.110446995291,2780.7023346117962,2780.7023346117962,2754.378568569676,2754.378568569676,2703.596252483465,2703.596252483465,2682.9829319469522,2682.9829319469522,2728.942019892851,2728.942019892851,2738.2279452454877,2738.2279452454877,2730.626096607915,2730.626096607915,2766.473095034589,2766.473095034589,2748.4212505971777,2748.4212505971777,470.9145383715111,481.75065876680253,0.3443573883814525,295.88375826701497,0.0023498121712103976,1.0299709226961196
437185.5751,6779350.179200001,Prow,-148.16669997240075,61.14366896790923,2712.13247715595,2712.13247715595,2781.444483820789,2781.444483820789,2757.5377602496537,2757.5377602496537,2707.0896798787244,2707.0896798787244,2684.0590049322345,2684.0590049322345,2730.2571815912534,2730.2571815912534,2827.1136998985958,2827.1136998985958,2818.287831143251,2818.287831143251,2855.028419276,2855.028419276,2836.648301926137,2836.648301926137,551.0292343917109,559.2202294856558,0.34225575876011227,298.7884765927481,0.002806832247103368,1.0236849608631777
437180.81259999983,6779427.9668999985,Prow,-148.16681417546383,61.144366416258315,2756.9314589780975,2756.9314589780975,2826.9472182997747,2826.9472182997747,2804.5758856493453,2804.5758856493453,2754.662002970594,2754.662002970594,2730.400565666931,2730.400565666931,2776.3725822889883,2776.3725822889883,2914.378585292812,2914.378585292812,2905.4506070540374,2905.4506070540374,2942.188539187412,2942.188539187412,2923.822901545668,2923.822901545668,564.2299258624789,569.6823173684782,0.3426917055733244,299.71344028575646,0.002603726190187546,1.0249888752166958
437242.7252000002,6779532.7421,Prow,-148.16569915558532,61.14531677158066,2756.644814322788,2756.644814322788,2828.1840927125554,2828.1840927125554,2808.3574864275124,2808.3574864275124,2758.967024743626,2758.967024743626,2732.331456079156,2732.331456079156,2778.369475619078,2778.369475619078,3005.287242072036,3005.287242072036,2995.123619878004,2995.123619878004,3032.7150598123153,3032.7150598123153,3014.043110806105,3014.043110806105,670.6313559210738,674.8526624485899,0.34157057127729734,302.44436154237656,0.003019332809444574,1.021635569133232
437196.68759999983,6779653.392299999,Prow,-148.16659404318312,61.14639234252416,2867.5273563032147,2867.5273563032147,2939.6114289139523,2939.6114289139523,2921.61630992303,2921.61630992303,2873.0579228074357,2873.0579228074357,2845.157794863275,2845.157794863275,2890.702206315973,2890.702206315973,3147.812210155794,3147.812210155794,3138.137454643292,3138.137454643292,3175.3148754580347,3175.3148754580347,3156.8069948132315,3156.8069948132315,699.6360321211405,702.3438787730946,0.343643094740234,304.61605960641054,0.0033197210838448545,1.0278344746176284
437114.1375000002,6779693.0799,Prow,-148.16814022852796,61.14673534807355,2968.9308374358607,2968.9308374358607,3040.47040411362,3040.47040411362,3022.5206307413205,3022.5206307413205,2974.453110513226,2974.453110513226,2946.972404567646,2946.972404567646,2991.9460322079312,2991.9460322079312,3224.2474018593985,3224.2474018593985,3215.755297046407,3215.755297046407,3251.9771580966762,3251.9771580966762,3233.8378680766336,3233.8378680766336,670.1708512365936,673.3444001618187,0.34878368834869483,304.59993446511334,0.0037624420200082264,1.0432099598569553
437201.4501,6779835.955200002,Prow,-148.1665660677481,61.14803176181408,2977.3341342315284,2977.3341342315284,3050.5642608868975,3050.5642608868975,3035.9009940240685,3035.9009940240685,2988.641709683762,2988.641709683762,2958.243990343584,2958.243990343584,3003.1626716478195,3003.1626716478195,3344.601783577666,3344.622779108252,3334.531902609744,3334.5487019221596,3371.8767626310278,3371.8943662330857,3353.328420401528,3353.346051520819,837.6884409626651,839.65368930266,0.3461462678739014,307.8103439981019,0.0036618279902967126,1.0353214507335455
437438.6719000004,6780717.3345,Core,-148.16245135738495,61.155980799790406,3433.9502483366327,3433.9502483366327,3511.148325449682,3511.148325449682,3511.925525334248,3511.925525334248,3470.8347185876883,3470.8347185876883,3429.2092584080046,3429.2092584080046,3471.2265822776694,3471.2265822776694,4210.599176947708,4210.599176947708,4196.604704776268,4196.604704776268,4236.4840446757835,4236.4840446757835,4217.057886745508,4217.057886745508,1729.6146641794553,1732.8208914494303,0.3474668988176074,322.49995803582374,0.003604611082392202,1.0392714501165214
437628.37849999964,6780773.294,Core,-148.15894569304677,61.15651330369798,3355.0071230464227,3355.0071230464227,3432.7623219444686,3432.7623219444686,3436.7804495008877,3436.7804495008877,3397.0340277318546,3397.0340277318546,3353.0959419142264,3353.0959419142264,3394.5034374809497,3394.5034374809497,4246.966012205615,4246.966012205615,4230.855725165226,4230.855725165226,4271.998592916206,4271.998592916206,4252.148389702401,4252.148389702401,1861.4325157280907,1862.657849020347,0.34620324735555635,325.69832055935416,0.0036616145238802227,1.035491876027949
437704.03139999975,6780697.314300001,Core,-148.15751532143602,61.155843345942905,3240.147354884924,3240.147354884924,3318.2193807950566,3318.2193807950566,3322.408293188943,3322.408293188943,3282.4885767238147,3282.4885767238147,3238.1747053740773,3238.1747053740773,3279.8560698330098,3279.8560698330098,4156.338490145562,4156.42272889097,4139.355058149263,4139.420752603001,4181.044624542903,4181.111123926561,4161.005509402837,4161.073565757095,1833.4949502658958,1834.9891296239578,0.34390019559350576,325.967404921245,0.0036500450770912073,1.0286034617571664
437980.85199999996,6780608.5326999985,Core,-148.15234391484148,61.15509033051922,2994.43235821559,2994.43235821559,3073.2852882573916,3073.2852882573916,3080.582962463411,3080.582962463411,3041.620368478892,3041.620368478892,2994.741692959551,2994.741692959551,3036.2988356019005,3036.2988356019005,4045.5838892228926,4046.505138665113,4025.4015812609196,4026.2359263780945,4068.904894559493,4069.760398152595,4048.2745350457562,4049.1285855022484,1936.8368635525962,1941.0446037600375,0.3381380507969247,328.9515060025094,0.0034740446275099194,1.011368920570935
438294.74710000027,6780405.768100001,Core,-148.14644695698937,61.15331985163173,2653.906555866916,2653.906555866916,2733.3362041220257,2733.3362041220257,2743.3218787498927,2743.3218787498927,2704.945075120591,2704.945075120591,2655.597667056217,2655.597667056217,2697.463228445942,2697.463228445942,3841.5079169725677,3847.6848698291733,3817.421480778677,3823.015990162384,3862.916068551597,3868.658497988528,3841.6807125948067,3847.4104897023003,2072.851397632462,2085.9016755992743,0.33308645455334096,330.8884673616805,0.00343565459114034,0.9962596259263586
438739.8680999996,6780188.336599998,Core,-148.1381085231794,61.15143798274314,2286.645130811381,2286.666714088482,2364.6952636555507,2365.217337641147,2381.1104911050147,2381.157899951572,2346.4402608172054,2346.4453740476984,2293.46743605588,2293.46743605588,2333.2599934032587,2333.3107636494024,3718.1996730753804,3718.7766933181542,3688.8499745175695,3689.4568826076948,3736.192392462027,3736.779451095039,3714.5809876841918,3715.1750342695736,2379.9942334384195,2381.8561450238235,0.33441433559822564,336.06769519024226,0.003560104682680172,1.0002313103193055
438670.7444000002,6779899.510200001,Core,-148.13929897808094,61.14883469468848,2056.291225158421,2056.312244481948,2135.2326732042193,2135.7697377200575,2146.5118333224227,2146.5740015377824,2108.560434290846,2108.572787250359,2057.942335083956,2057.946265563005,2100.1004014238333,2100.1509918689326,3421.757717269824,3422.1675507895698,3392.163081638611,3392.591272502358,3439.5571196924966,3439.974917354278,3417.9447353055766,3418.3658607870275,2212.9853347968537,2214.414314267279,0.3294900221727691,331.24585635700066,0.004603548294138673,0.9855027178349064
438655.7690000003,6779589.523800001,Core,-148.13947681057144,61.14604993581388,1802.9114949215807,1802.9434377355756,1881.995029373162,1882.7293832322239,1887.8628373808806,1887.9880697016083,1846.77406070795,1846.7893054097024,1798.9613735681032,1798.9613735681032,1843.323312956522,1843.4083118292765,3122.3417302629596,3122.8090304908005,3091.750766573704,3092.2334919413265,3139.3748745799876,3139.84694951279,3117.7524688864373,3118.228347806172,2126.016744383571,2127.0138720516215,0.33107599160711776,325.8118653115027,0.003641796732969664,0.9902463430823324
438570.88709999993,6779345.310800001,Core,-148.14097402356106,61.14384461448339,1718.8282029474683,1719.0195165028415,1795.4203749957373,1797.8807479652075,1792.7239701721842,1793.625108421685,1747.4909529295583,1747.6550390943796,1705.3973209998544,1705.3973209998544,1752.4030390011578,1752.9579435404837,2855.517586487789,2855.517586487789,2824.8139813630282,2824.8139813630282,2872.5687572128822,2872.5687572128822,2850.8889414080927,2850.8889414080927,2109.4737240687487,2184.5349276148327,0.3278655629900355,317.2643319444158,0.0047051620025157495,0.9806439699765072
438556.2394000003,6779157.491,Core,-148.14118517528857,61.1421564627071,1596.2821416968325,1596.4927357587007,1671.4109778415548,1673.9058777028463,1663.699351254414,1664.659975883711,1616.3610992171891,1616.5634413582493,1577.8470302222847,1577.8470302222847,1625.9473096396803,1626.5607712840508,2674.584676855318,2674.584676855318,2643.199366455388,2643.199366455388,2691.086100861618,2691.086100861618,2669.412646186298,2669.412646186298,2087.975198255191,2104.5295633422784,0.3277485605570827,312.289352266121,0.006526285478710001,0.980294016387904
438264.34080000035,6779392.9010999985,Core,-148.14668191526056,61.144223664944235,1901.586239811205,1901.5949058448098,1978.9212374810745,1979.2376271037856,1970.4841163515246,1970.4991308322947,1922.3415314407105,1922.3486108683815,1883.9424999625182,1883.9424999625182,1932.2744280220247,1932.312273741206,2816.543661989251,2816.805174388029,2790.080098711366,2790.3603320689826,2836.6343838222474,2836.8973030791885,2815.104583947768,2815.374574865401,1767.8849295566897,1772.6377054701156,0.32869446551379,312.71855312633056,0.004048587633935952,0.9831232125483869
437670.5806,6779662.2139,Core,-148.157796336388,61.146547103739174,2474.8931715901736,2474.8931715901736,2550.9043645640722,2550.9043645640722,2538.5286762550536,2538.5286762550536,2490.272198517379,2490.272198517379,2456.291383118026,2456.291383118026,2503.1292320531056,2503.1292320531056,3063.130281441275,3063.1575763019423,3046.143369869829,3046.1612327335397,3088.1009206609797,3088.120795673082,3067.9118586477775,3067.931651632979,1143.3390844188573,1146.96821982101,0.33586230845718973,310.12042494291825,0.0037597601305287913,1.0045621886216294
437552.47339999955,6779896.8244,Core,-148.16006697516656,61.1486341536765,2726.68004539334,2726.68004539334,2802.8194974093717,2802.8194974093717,2793.3965757836463,2793.3965757836463,2747.0733805933314,2747.0733805933314,2711.6569656638057,2711.6569656638057,2756.979723720697,2756.979723720697,3335.5601381319675,3335.5601381319675,3320.4050908775207,3320.4050908775207,3361.0922778369536,3361.0922778369536,3341.3653026130014,3341.3653026130014,1131.422287393766,1132.2725787710374,0.34077107332241224,312.8264061424559,0.0033281876363507002,1.019244275453845
437335.47449999955,6780089.7623,Core,-148.16416089164215,61.150331330066415,3031.23975979555,3031.23975979555,3106.7813009068054,3106.7813009068054,3097.6737378556845,3097.6737378556845,3052.0734465248383,3052.0734465248383,3017.0541719473395,3017.0541719473395,3061.568468834506,3061.568468834506,3570.12894484239,3570.12894484239,3557.8270119444915,3557.8270119444915,3596.7130537025114,3596.7130537025114,3577.611204009363,3577.611204009363,1123.8945738710029,1127.6850506370326,0.3448869236704626,313.0743866290686,0.0037954706684653816,1.0315547596301413
437307.37210000027,6780183.8673,Core,-148.1647139664096,61.15117151165791,3121.749701794101,3121.749701794101,3197.386338199172,3197.386338199172,3189.4056525079955,3189.4056525079955,3144.4313459577597,3144.4313459577597,3108.7655397768754,3108.7655397768754,3152.852429578402,3152.852429578402,3677.328931860655,3677.328931860655,3665.309102399447,3665.309102399447,3703.97071614305,3703.97071614305,3684.9558634979967,3684.9558634979967,1189.6018007538676,1195.5085689045047,0.346564602553464,314.28990441561206,0.003613086438075022,1.036572687298935
437387.07799999975,6780302.930100001,Core,-148.1632728689835,61.15225293388071,3145.4381196769205,3145.4381196769205,3221.921481707664,3221.921481707664,3216.63520044462,3216.63520044462,3172.603530943931,3172.603530943931,3134.842842901436,3134.842842901436,3178.588942779282,3178.588942779282,3783.028569527005,3784.120636532779,3769.873792236918,3770.9133004970636,3809.285795654998,3810.3329408401974,3790.006490843607,3791.055462739801,1332.4006438655813,1337.1429113953498,0.34838791070019726,316.44296344166105,0.003132164947171704,1.0420261912387718
437407.9139999999,6780359.484900001,Core,-148.1629045326933,61.15276388721912,3171.5901825562896,3171.5901825562896,3248.3316391805324,3248.3316391805324,3244.0903387515045,3244.0903387515045,3200.469690503544,3200.469690503544,3161.945282818149,3161.945282818149,3205.5062561041123,3205.5062561041123,3836.9792477537944,3837.5409935851944,3823.521113833952,3824.040256488348,3863.132435819227,3863.642881316342,3843.7833245643237,3844.302800916088,1391.937196508558,1396.6059244378152,0.34286588576299065,318.31947977236496,0.002517696342131004,1.0255098471392359
437388.07019999996,6780416.3704,Core,-148.1632919165418,61.15327131553523,3229.454225839775,3229.454225839775,3306.2103170973983,3306.2103170973983,3302.4842947682687,3302.4842947682687,3259.1568894657557,3259.1568894657557,3220.351069748405,3220.351069748405,3263.7089545045724,3263.7089545045724,3899.4090306879057,3899.6967246316904,3886.155890663821,3886.3927728659355,3925.633965119777,3925.875137047832,3906.3321928274036,3906.57639700433,1432.9609438265134,1437.773731504623,0.3431086223862314,318.58189727730814,0.002497248769582628,1.02623587095126
437430.0729,6780469.948600002,Core,-148.16252941062027,61.15375892894831,3241.1759280625565,3241.1759280625565,3318.1720671006547,3318.1720671006547,3315.7345002781035,3315.7345002781035,3272.968356690067,3272.968356690067,3233.268924854536,3233.268924854536,3276.338862724769,3276.338862724769,3950.5707922950714,3950.5919062013318,3936.7853889828953,3936.796328264269,3976.5774222800956,3976.5872630486647,3957.17142506341,3957.182689090706,1499.9308686010725,1503.217521243114,0.3443877984210109,319.72347763856294,0.004097809845734959,1.0300618789455278
437386.74729999993,6780587.026999999,Core,-148.1633728750469,61.15480289226026,3364.616246690154,3364.616246690154,3441.556418625401,3441.556418625401,3440.057571980085,3440.057571980085,3397.8799101260142,3397.8799101260142,3357.7245061082817,3357.7245061082817,3400.3611403795826,3400.3611403795826,4080.564370470639,4080.564370470639,4067.2250418335248,4067.2250418335248,4106.720465282207,4106.720465282207,4087.4208380539217,4087.4208380539217,1588.23332588728,1593.3219950872817,0.34514391365870245,320.9262609896903,0.0015548422924399803,1.0323234151730214
437413.2056999998,6780595.295200001,Core,-148.16288412029715,61.15488132986633,3351.5101414990354,3351.5101414990354,3428.59455931322,3428.59455931322,3427.5282098964085,3427.5282098964085,3385.4810180433356,3385.4810180433356,3344.9693931736806,3344.9693931736806,3387.580464943904,3387.580464943904,4083.4550254666574,4083.4552551764004,4069.7990191808994,4069.7990191808994,4109.504024114968,4109.504024114968,4090.130197668595,4090.130197668595,1606.0831491929555,1610.2171974572207,0.34514391365870245,320.9262609896903,0.0015548422924399803,1.0323234151730214
437438.6719000004,6780717.3345,Core,-148.16245135738495,61.155980799790406,3433.9502483366327,3433.9502483366327,3511.148325449682,3511.148325449682,3511.925525334248,3511.925525334248,3470.8347185876883,3470.8347185876883,3429.2092584080046,3429.2092584080046,3471.2265822776694,3471.2265822776694,4210.599176947708,4210.599176947708,4196.604704776268,4196.604704776268,4236.4840446757835,4236.4840446757835,4217.057886745508,4217.057886745508,1729.6146641794553,1732.8208914494303,0.3474668988176074,322.49995803582374,0.003604611082392202,1.0392714501165214
437632.84559999965,6780767.7421,Tail,-148.15886088104472,61.15646418111381,3347.185275524653,3347.185275524653,3424.963507526336,3424.963507526336,3428.9774886697332,3428.9774886697332,3389.2095433454847,3389.2095433454847,3345.25413016311,3345.25413016311,3386.6869050238997,3386.6869050238997,4240.252126266426,4240.252126266426,4224.090269724536,4224.090269724536,4265.267309974962,4265.267309974962,4245.404952658164,4245.404952658164,1858.580413563646,1859.8845675283128,0.34620324735555635,325.69832055935416,0.0036616145238802227,1.035491876027949
437873.01570000034,6780829.720800001,Tail,-148.15441960831362,61.15705861832812,3253.4714084289744,3253.4714084289744,3331.708801296138,3331.708801296138,3339.873323199397,3339.873323199397,3301.9255628367464,3301.9255628367464,3255.1182351867837,3255.1182351867837,3295.6817161135154,3295.6817161135154,4287.213485047837,4287.213485047837,4268.457789655198,4268.457789655198,4311.109942085219,4311.109942085219,4290.766551449911,4290.766551449911,2036.968907545358,2037.2541061068362,0.34392746541716135,329.19364557143695,0.003510313914623875,1.028685025639284
437998.03160000034,6780792.679099999,Tail,-148.1520850433111,61.1567459235229,3148.678344498523,3148.678344498523,3227.1759012084935,3227.1759012084935,3236.824758791926,3236.824758791926,3199.3993061155024,3199.3993061155024,3151.4388401034103,3151.4388401034103,3191.868794364837,3191.868794364837,4242.19358788968,4242.19358788968,4222.049501727407,4222.049501727407,4265.474394996115,4265.474394996115,4244.881983423394,4244.881983423394,2083.7679550484286,2084.2448756310287,0.34117669186221644,330.60709531539396,0.0033687921558832375,1.02045747812003
438038.7114000004,6780845.595899999,Tail,-148.15134664012837,61.15722732852962,3172.9808941766296,3172.9808941766296,3251.4597832953473,3251.4597832953473,3262.2387711103756,3262.2387711103756,3225.384334190969,3225.384334190969,3176.738433006471,3176.738433006471,3216.844422098194,3216.844422098194,4294.462408612902,4294.5687959118,4273.932222569731,4274.020586963802,4317.573795071943,4317.665967692287,4296.911578662427,4297.003691949544,2151.470743774064,2153.4524791360104,0.3381368253153648,332.2581578504754,0.0031778350776187716,1.0113652551627994
438099.89639999997,6780810.207800001,Tail,-148.1501984265455,61.15691935229408,3108.8589378323454,3108.8589378323454,3187.4376140159675,3187.4376140159675,3198.8108814183065,3198.8108814183065,3162.1483229158885,3162.1483229158885,3113.02029992304,3113.02029992304,3153.10335083196,3153.10335083196,4257.273188468385,4257.273188468385,4236.05011942298,4236.05011942298,4280.057185936041,4280.057185936041,4259.281192629147,4259.281192629147,2165.6433960681543,2166.964623610961,0.33599682132387404,332.1935278169503,0.0033182455842824705,1.0049645158145046
438144.71690000035,6780851.482799999,Tail,-148.14937926616832,61.15729690477428,3123.965025658346,3123.965025658346,3202.4301228614904,3202.4301228614904,3214.9280006321924,3214.9280006321924,3178.909219230076,3178.909219230076,3129.1680801658554,3129.1680801658554,3168.841576304816,3168.841576304816,4302.055424340229,4302.055424340229,4280.424144801761,4280.424144801761,4324.6247293583465,4324.6247293583465,4303.793488052915,4303.793488052915,2226.204957852082,2226.9676173731405,0.33872625256310346,333.2786532168711,0.0026265883500172595,1.0131282285930168
438290.5070000002,6780777.355300002,Tail,-148.14664672757038,61.15665451440282,2986.6296779334534,2986.6296779334534,3065.175694143864,3065.175694143864,3079.282261749551,3079.282261749551,3043.885693776588,3043.885693776588,2992.9510718763368,2992.9510718763368,3032.4498237685284,3032.4498237685284,4230.16212134399,4230.16212134399,4206.8914625867465,4206.8914625867465,4251.908534134595,4251.908534134595,4230.833551793019,4230.833551793019,2281.3352167885882,2282.2780516994417,0.3346051859434999,334.48585585411286,0.002800488537804289,1.0008021425791938
438281.3788999999,6780821.011599999,Tail,-148.14683052120125,61.15704493230465,3030.895078671395,3030.895078671395,3109.3326608276657,3109.3326608276657,3123.7149142478593,3123.7149142478593,3088.5601171296253,3088.5601171296253,3037.5653943839666,3037.5653943839666,3076.8507403055673,3076.8507403055673,4275.370585045998,4275.373488156149,4252.274874889087,4252.276121485187,4297.199009116973,4297.20051381477,4276.153257720572,4276.154781075398,2303.2248294121555,2304.113308843843,0.33643548871561363,335.0874090144172,0.0033139401216143744,1.0062765674023924
438312.7320999997,6780834.9023,Tail,-148.14625258880298,61.15717454739578,3029.6151667101385,3029.6151667101385,3107.975398109987,3107.975398109987,3122.986499885206,3122.986499885206,3088.176150496735,3088.176150496735,3036.825317273752,3036.825317273752,3075.908408818983,3075.908408818983,4291.350529570023,4291.350529570023,4267.956948311785,4267.956948311785,4313.022616656046,4313.022616656046,4291.936297328219,4291.936297328219,2336.612980691483,2337.509047824714,0.33604476810995565,335.66633728869834,0.0038578752185459944,1.0051079243695902
438434.1760999998,6780764.655200001,Tail,-148.1439736603115,61.156563102197836,2914.3033810557667,2914.3033810557667,2992.5894410288292,2992.5894410288292,3008.92324323575,3008.92324323575,2974.6652563728935,2974.6652563728935,2922.3785542845303,2922.3785542845303,2961.291208789503,2961.291208789503,4228.427032812942,4228.427032812942,4203.658045879787,4203.658045879787,4249.364049356085,4249.364049356085,4228.096691307379,4228.096691307379,2389.324973455106,2390.7927880893176,0.3359564147317124,336.75709985626884,0.002927324370463426,1.0048436599350727
438465.9260999998,6780814.264699999,Tail,-148.14339995414213,61.15701337605525,2947.952257800141,2947.952257800141,3025.9536864993574,3025.9536864993574,3043.3333415314723,3043.3333415314723,3009.8211409344435,3009.8211409344435,2957.1119192136016,2957.1119192136016,2995.463239541555,2995.463239541555,4286.117742497155,4286.117742497155,4261.15686725814,4261.15686725814,4306.912448297262,4306.912448297262,4285.6409479134745,4285.6409479134745,2441.7982545656982,2442.576591284515,0.3329985700966899,337.71854570447323,0.0034387850939240024,0.9959967640335649
438499.2637,6780785.292800002,Tail,-148.14277122995057,61.156758556919954,2908.642701796932,2908.642701796932,2986.620367672148,2986.620367672148,3004.2829615325372,3004.2829615325372,2970.8667966751864,2970.8667966751864,2917.93505385274,2917.93505385274,2956.2870732974748,2956.2870732974748,4259.681510454145,4259.681510454145,4234.323043180858,4234.323043180858,4280.257974974733,4280.257974974733,4258.93712922134,4258.93712922134,2452.7027806792003,2453.825195256007,0.3329985700966899,337.71854570447323,0.0034387850939240024,0.9959967640335649
438547.6825000001,6780802.7553,Tail,-148.1418774142278,61.15692288967803,2907.5237051800996,2907.5237051800996,2985.242679989307,2985.242679989307,3003.8971300247013,3003.8971300247013,2971.118773308012,2971.118773308012,2917.7179868425487,2917.7179868425487,2955.642719453492,2955.642719453492,4285.25149587147,4285.25149587147,4259.465960394571,4259.465960394571,4305.564927654009,4305.564927654009,4284.206294201277,4284.206294201277,2501.9260098758305,2502.919417059264,0.3347492508617683,339.0861061350373,0.00281164627096569,1.0012330399021596
438542.2916000001,6780853.82,Tail,-148.14199412632678,61.157380397086996,2957.038206718052,2957.038206718052,3034.63890427957,3034.63890427957,3053.6224019582114,3053.6224019582114,3021.114763151109,3021.114763151109,2967.627573069504,2967.627573069504,3005.3200211842395,3005.3200211842395,4336.359697479664,4336.37615896403,4310.7410618339945,4310.752383045864,4356.766822708157,4356.778787596149,4335.427981863677,4335.440141719637,2528.2958899364107,2529.2591062823053,0.3347492508617683,339.0861061350373,0.00281164627096569,1.0012330399021596
438570.7344000004,6780840.5907999985,Tail,-148.1414614424877,61.157266109773246,2934.9788280151547,2934.9788280151547,3012.4940740260568,3012.494174115217,3031.838848089775,3031.838848089775,2999.5269663088907,2999.5269663088907,2945.8310254801218,2945.8310254801218,2983.4236575487807,2983.4236575487807,4326.784873556808,4326.784873556808,4300.862131887504,4300.862131887504,4347.014461704735,4347.014461704735,4325.643481327818,4325.643481327818,2544.0673199158823,2545.2113059167636,0.3347492508617683,339.0861061350373,0.00281164627096569,1.0012330399021596
438541.63019999955,6780900.122200001,Tail,-148.14202143365128,61.15779589788885,3000.6644399855995,3000.6644399855995,3078.1418544904327,3078.1418544904327,3097.4775169412283,3097.4775169412283,3065.243604128832,3065.243604128832,3011.6468386207416,3011.6468386207416,3049.115624817784,3049.115624817784,4383.146498605912,4383.146498605912,4357.634738778378,4357.634738778378,4403.61360041215,4403.61360041215,4382.287503402737,4382.287503402737,2556.7091000691407,2557.5248293766554,0.3347492508617683,339.0861061350373,0.00281164627096569,1.0012330399021596
438630.9271999998,6780845.8825,Tail,-148.14034493194546,61.15732303270419,2920.490788609368,2920.490793413127,2997.690741774093,2997.700963935599,3018.0895638362385,3018.0895638362385,2986.445487316631,2986.445487316631,2932.2435654335136,2932.2435654335136,2969.407525694867,2969.407525694867,4341.877182008271,4341.877182008271,4315.396942028246,4315.396942028246,4361.766047675716,4361.766047675716,4340.344272720895,4340.344272720895,2597.2915744583315,2598.3016913396305,0.3327139553438694,340.7773062774072,0.0034029387644716803,0.9951454829823483
438609.76049999986,6780909.382599998,Tail,-148.14075873079807,61.157889690988455,2986.777007524632,2986.777007524632,3063.9087705934176,3063.909633220931,3084.442863087205,3084.442863087205,3052.965970503933,3052.965970503933,2998.7919184239795,2998.7919184239795,3035.772990330192,3035.772990330192,4402.772616885144,4402.772616885144,4376.639589060088,4376.639589060088,4422.865943170199,4422.865943170199,4401.480140513447,4401.480140513447,2617.4176788794907,2618.249445646216,0.3344949734788141,341.15451379779915,0.0028358855546465854,1.0004724977457298
438650.7709999997,6780942.455600001,Tail,-148.1400075579792,61.15819297007227,3005.178809612772,3005.178809612772,3081.978659923832,3081.9811158910366,3103.4735450542707,3103.4735450542707,3072.684933054862,3072.684933054862,3018.130167784344,3018.130167784344,3054.607485658556,3054.607485658556,4444.5986373236965,4444.5986373236965,4418.171801826144,4418.171801826144,4464.495197006756,4464.495197006756,4443.091755585957,4443.091755585957,2668.7393687341687,2669.4225809366953,0.3344949734788141,341.15451379779915,0.0028358855546465854,1.0004724977457298
438743.37540000025,6780949.0702,Tail,-148.13828929786482,61.15826682015562,2985.830581810579,2985.83147195073,3062.0863512439205,3062.1432957084075,3085.07774848848,3085.07774848848,3055.2407156310437,3055.2407156310437,2999.9833850919467,2999.9833850919467,3035.8654069983604,3035.8654069983604,4465.5390655054,4465.5787363677955,4438.273045866425,4438.308539018281,4484.928818991951,4484.964962562486,4463.4457155663285,4463.481976500547,2752.971521025745,2754.3908467726833,0.33076216592542856,342.85921019541166,0.0029515957225602955,0.9893076923147262
439051.1553999996,6780874.8347,Tail,-148.13254747328958,61.1576484486623,2849.6136760901677,2849.636707328641,2923.427958075836,2923.9566370683688,2951.306009702436,2951.33698745499,2925.1313442311775,2925.1343818438895,2868.0817659372156,2868.0818849261623,2901.3731019940255,2901.432830707944,4472.452421700479,4472.481785971805,4442.385668004179,4442.415718413328,4489.881061614565,4489.910416826901,4468.273104184355,4468.302745096977,2966.725230189885,2967.544737428965,0.3336601268600117,347.0600232294167,0.003421823700350835,0.9979754764205329
438839.34800000023,6780513.741599999,Tail,-148.1363657979679,61.15437432223237,2557.0200754042366,2557.0444192569134,2633.588610619406,2634.141843320365,2655.0178618240247,2655.058738792412,2623.834597368748,2623.839436705095,2568.872237694034,2568.872237694034,2606.0612376951326,2606.1228184347833,4058.6369209297263,4059.1780631984707,4029.3251725557498,4029.910398682997,4076.6688546662735,4077.22313598308,4055.053996643715,4055.6192375975625,2614.909045330048,2616.549765017544,0.3327139553438694,340.7773062774072,0.0034029387644716803,0.9951454829823483
438740.26499999966,6780187.9397,Tail,-148.13810102289125,61.151434482186986,2286.137969728505,2286.1595914346963,2364.1864352122266,2364.7091295552573,2380.606948151916,2380.6544981547086,2345.9404293625635,2345.945556746555,2292.9650814543766,2292.9650814543766,2332.7551846304364,2332.8060791698654,3717.944410786194,3718.527932611085,3688.5896089626644,3689.2032102370245,3735.9332688911027,3736.52705486988,3714.321786796776,3714.92258959929,2380.1616370433985,2382.0211834250626,0.33441433559822564,336.06769519024226,0.003560104682680172,1.0002313103193055
438306.47780000046,6780398.995999999,Tail,-148.14622685439554,61.15326091139936,2642.7120510330265,2642.7120510330265,2722.14033045998,2722.14033045998,2732.2462884353267,2732.2462884353267,2693.91250596771,2693.91250596771,2644.4718644272084,2644.4718644272084,2686.33237048329,2686.33237048329,3835.656780474842,3840.4988783195868,3811.4240669957026,3815.7496844364346,3856.985114457159,3861.4374832892213,3835.7313793168187,3840.172890444975,2080.317881424005,2094.172018487888,0.33308645455334096,330.8884673616805,0.00343565459114034,0.9962596259263586
437981.2489,6780608.1358,Tail,-148.15233641211424,61.155086830760155,2993.850377488971,2993.850377488971,3072.7050562920454,3072.7050562920454,3080.0039494449406,3080.0039494449406,3041.040249125768,3041.040249125768,2994.1590639384453,2994.1590639384453,3035.718083690734,3035.718083690734,4045.1344769020243,4046.0693500340017,4024.9471000140106,4025.793705858569,4068.453383747832,4069.321705710711,4047.82203555818,4048.688771681427,1936.8472577227683,1941.0743487157233,0.3381380507969247,328.9515060025094,0.0034740446275099194,1.011368920570935
437704.4282999998,6780696.917399999,Tail,-148.1575078179596,61.15583984647281,3239.5570582032597,3239.5570582032597,3317.63043090951,3317.63043090951,3321.8204599471374,3321.8204599471374,3281.90021867307,3281.90021867307,3237.5844873451733,3237.5844873451733,3279.2669051210873,3279.2669051210873,4155.885324554821,4155.970843998949,4138.897295127892,4138.964093793008,4180.589587830725,4180.65722350098,4160.54955798301,4160.618752855524,1833.3724246630882,1834.858644933484,0.34390019559350576,325.967404921245,0.0036500450770912073,1.0286034617571664
437632.84559999965,6780767.7421,Tail,-148.15886088104472,61.15646418111381,3347.185275524653,3347.185275524653,3424.963507526336,3424.963507526336,3428.9774886697332,3428.9774886697332,3389.2095433454847,3389.2095433454847,3345.25413016311,3345.25413016311,3386.6869050238997,3386.6869050238997,4240.252126266426,4240.252126266426,4224.090269724536,4224.090269724536,4265.267309974962,4265.267309974962,4245.404952658164,4245.404952658164,1858.580413563646,1859.8845675283128,0.34620324735555635,325.69832055935416,0.0036616145238802227,1.035491876027949
439744.33949999977,6782261.403999999,Wedge,-148.1201108862701,61.17020138841075,4181.771299126581,4181.797218700013,4246.790831082247,4247.357531907776,4287.048629311662,4287.162270437157,4272.191408174078,4272.193091780117,4212.972735875338,4212.972735875338,4237.016232823412,4237.154095598647,6021.376590619432,6021.376590619432,5990.061722885414,5990.061722885414,6037.792891043308,6037.792891043308,6016.205238762655,6016.205238762655,4362.933035814719,4363.122013661266,0.332810745492823,0.7981996312573756,0.003690332618565969,0.9954349817484245
439786.3995000003,6781977.690699998,Wedge,-148.1192389501027,61.16766125154504,3902.9501391673443,3902.997253130987,3967.4656509678816,3968.342469969655,4008.0937798784444,4008.3962405602356,3993.604150589081,3993.6121402752083,3934.3224293107546,3934.3224293107546,3958.129514927472,3958.41446743743,5766.881263958303,5767.624965078825,5734.661456383069,5735.449464584128,5782.584538330782,5783.33798154254,5760.997571210742,5761.763629882366,4206.775130354501,4206.975468042348,0.33142303925640915,1.4831478697372518,0.003367879906519992,0.9912843605595826
439653.5784,6781776.077799998,Wedge,-148.12164298463182,61.16583115474217,3697.590744895697,3697.635759831774,3763.637724909845,3764.487128317952,3802.5943593116467,3802.872968104537,3786.398114118355,3786.405772642333,3727.234479429718,3727.234479429718,3752.4689147883114,3752.7274923873147,5529.124523230426,5530.113029859881,5497.203130417755,5498.214740579995,5545.080048990498,5546.059596852936,5523.483302122981,5524.477193133378,3978.102047724326,3978.372854772318,0.33346340076306835,359.14630481640955,0.004001321406682623,0.9973870698219711
439571.28139999975,6781712.515900001,Wedge,-148.12315198560526,61.165247947360356,3634.0245801657766,3634.067760131521,3701.0574161538734,3701.883182798195,3738.871454794187,3739.12646170816,3721.5314605642216,3721.5387712735883,3662.4843588848253,3662.4843588848253,3688.66768643812,3688.9036243965697,5438.81109951843,5440.32102921215,5407.235418392761,5408.77275172487,5455.058175227648,5456.5607644793245,5433.450778764373,5434.968770605189,3877.90572105376,3878.2736592507367,0.33569030859999394,357.7162506564727,0.0029712642675469056,1.0040477380606811
439541.92399999965,6781615.739999998,Wedge,-148.12366661122002,61.16437476409871,3537.857386696951,3537.915445304,3605.258341841426,3606.1024546816516,3642.6212511749613,3642.890429416636,3624.849195551876,3624.8749055255253,3565.8521168798784,3565.8702198985247,3592.395901991641,3592.6446587316605,5337.869352375344,5339.520256470551,5306.242506421345,5307.905662726796,5354.072680044838,5355.704039222462,5332.466941958611,5334.113684129742,3793.556178237451,3793.919624612609,0.33569030859999394,357.7162506564727,0.0029712642675469056,1.0040477380606811
439444.02799999993,6781544.302299999,Wedge,-148.1254628367547,61.16371843217673,3469.33845243551,3469.3774821289217,3537.9220048670322,3538.6905255596116,3573.82612799858,3574.024101024734,3554.648943436033,3554.655294977512,3495.8534988501588,3495.8534988501588,3523.5457968627925,3523.7353013664665,5235.614634089224,5237.443800254201,5204.43939523269,5206.305350652538,5252.1879321230335,5254.01826737798,5230.573991794374,5232.418868755816,3675.904038411478,3676.380042408553,0.33340024847510347,356.11354987877274,0.0033653884583418558,0.9971981817002111
439415.45299999975,6781458.577100001,Wedge,-148.12596637156022,61.162944551654014,3385.344065774861,3385.3829887288803,3454.3141561647362,3455.081600648993,3489.706289185149,3489.896116096297,3470.05542921017,3470.0618931278364,3411.33599173557,3411.3360071248576,3439.41858658605,3439.6019158902936,5145.2465376366645,5147.367461949474,5114.04809106219,5116.201058453014,5161.799255462728,5163.91854909289,5140.18634476458,5142.3195783229085,3599.9005945205463,3600.3783859719547,0.33618863079356265,354.85079104602,0.0035867519663080236,1.0055382168098734
439230.7734000003,6781438.997900002,Wedge,-148.12939158256833,61.162740225979384,3377.6109130625646,3377.6318339885256,3448.625221190537,3449.108453360898,3481.3124948161485,3481.341762791135,3459.2067315986633,3459.2083575981546,3401.024223053833,3401.024223053833,3431.0344847328256,3431.0939900558233,5067.125417913469,5067.188675923515,5037.1579845881315,5037.218943100819,5084.628008860631,5084.684166861613,5063.0238415944195,5063.082635432494,3444.9066301220564,3445.542544757538,0.33640042663308856,352.4964643890627,0.0017038759458092721,1.00617169691984
439229.22200000007,6781517.767900001,Wedge,-148.12944568550253,61.163447020568015,3455.086890253086,3455.1046328259513,3526.009312392824,3526.436741666719,3558.875972617875,3558.892306035407,3536.9369596528772,3536.93791912417,3478.735253948768,3478.735253948768,3508.5906010921635,3508.636009936145,5142.628283514922,5142.628283514922,5112.863286044688,5112.863286044688,5160.278435443442,5160.278435443442,5138.680450394611,5138.680450394611,3493.44528754216,3494.085735240518,0.33640042663308856,352.4964643890627,0.0017038759458092721,1.00617169691984
439093.1897999998,6781812.590399999,Wedge,-148.13206813984374,61.166072216611155,3760.242426748112,3760.245022867289,3831.936451082662,3832.0461507193504,3863.7704955900986,3863.7704955900986,3841.0630167350664,3841.0630167350664,3783.2697292727976,3783.2697292727976,3813.5750711384703,3813.5750714192,5396.42779534169,5396.42779534169,5368.306528660245,5368.306528660245,5415.217287674194,5415.217287674194,5393.69947565579,5393.69947565579,3589.2963972975513,3591.899496629518,0.33530028660279054,351.5604301546651,0.003055764274918141,1.0028811845616565
439017.69379999954,6782147.667100001,Wedge,-148.133578986034,61.169068101925866,4109.091714469524,4109.091714469524,4180.5609315284155,4180.560935941862,4212.498236127992,4212.498236127992,4190.249116311345,4190.249116311345,4132.804156510186,4132.804156510186,4162.503372767961,4162.503372767961,5727.321878895455,5727.321878895455,5700.461167696109,5700.461167696109,5746.833973589186,5746.833973589186,5725.457209756922,5725.457209756922,3779.836952604602,3779.9762686761605,0.33640042663308856,352.4964643890627,0.0017038759458092721,1.00617169691984
438947.6687000003,6782127.974300001,Wedge,-148.13487400632192,61.16888043923086,4097.525620656397,4097.525620656397,4169.675579912412,4169.676025798633,4200.581130607685,4200.581130607685,4177.364409750035,4177.364409750035,4120.112826138207,4120.112826138207,4150.610372904552,4150.610372904552,5685.23292319446,5685.23292319446,5658.78690342885,5658.78690342885,5705.068059578514,5705.068059578514,5683.692652684754,5683.692652684754,3724.5956185377413,3726.5853196834883,0.33350915673058973,350.8979416679694,0.002827849703142215,0.9975239256516322
438842.36429999955,6782194.649500001,Wedge,-148.13685254965333,61.16946249245796,4183.095241681861,4183.095241681861,4255.841926343438,4255.841926343438,4285.613115095656,4285.613115095656,4261.530044571244,4261.530044571244,4204.68157559568,4204.68157559568,4235.79527255867,4235.79527255867,5732.348096069781,5733.164092366199,5706.758820868461,5707.331780051069,5752.723270618307,5753.33776141418,5731.417721607056,5732.036511045031,3714.81327040013,3718.366435782402,0.3359292653711341,350.33821527455274,0.0030723289730716628,1.0047624563573103
438716.4223999996,6782424.837400001,Wedge,-148.1392676544309,61.171508964134446,4442.735790230237,4442.735790230237,4515.698683676174,4515.698683676174,4544.662041477971,4544.662041477971,4520.179683211273,4520.179683211273,4463.844111172081,4463.844111172081,4495.109387471765,4495.109387471765,5952.1954621065715,5952.73737272179,5927.872279671566,5928.29519932991,5973.285026393474,5973.714717000922,5952.126966229837,5952.565926529581,3835.4744248471043,3840.8537462325753,0.33769755411460506,349.0968261639132,0.0035140006080651015,1.0100513975856846
438708.4848999996,6782549.191799998,Wedge,-148.13945545187542,61.17262391552784,4573.969436289816,4573.969436289816,4646.6092418923645,4646.6092418923645,4675.886369579692,4675.886369579692,4651.82330083569,4651.82330083569,4595.557751805374,4595.557751805374,4626.414941408093,4626.414941408093,6085.716138672322,6085.716138672322,6061.649772768968,6061.649772768968,6106.902753594024,6106.902753594024,6085.799909449217,6085.799909449217,3938.6180467357835,3942.4131197335373,0.3385729029136385,350.2536072382747,0.0031916723463611615,1.012669560693667
438628.58050000016,6782720.113000002,Wedge,-148.14099601934828,61.17414558047035,4772.626541299667,4772.626541299667,4845.167461768675,4845.167461768675,4874.076630772845,4874.076630772845,4850.00332137634,4850.00332137634,4794.136377384106,4794.136377384106,4824.854719248233,4824.854719248233,6263.409262587822,6263.409262587822,6240.153603322257,6240.153603322257,6284.982780451074,6284.982780451074,6264.011469980793,6264.011469980793,4053.6854221946433,4056.811471463207,0.3385917009051639,349.7630280620295,0.0036672700293974934,1.0127257853757252
438705.30989999976,6782670.371199999,Wedge,-148.13955371363673,61.17371111295249,4700.882093548375,4701.066090363088,4773.211606309581,4773.382940198571,4802.808992228439,4802.992716624703,4779.1418226563965,4779.3426548936395,4722.917953816963,4723.120889855236,4753.401818693342,4753.588516472435,6215.406613906654,6216.365540486005,6191.5450638352295,6192.494646757182,6236.669223817652,6237.616271024081,6215.611204368988,6216.560627000467,4043.9293986130974,4047.771228172442,0.33808116745923716,350.5063381652438,0.0035442024453951494,1.0111987828425726
439156.77809999976,6782596.711100001,Wedge,-148.13113854233856,61.173120304430206,4541.576248825815,4562.986964300439,4611.434866757394,4632.339610030287,4645.75084484072,4667.280423280269,4625.588012624756,4647.801060883487,4567.6443274120875,4589.81688178302,4595.679024375031,4617.255898575952,6199.215810802624,6253.721513081001,6172.195831063178,6226.310105751662,6218.635627248768,6272.771466862843,6197.242646451256,6251.41218952142,4222.187761703836,4270.781547603848,0.3374035420881958,355.29539305043977,0.0034540357059553287,1.0091720093444512
439315.26389999967,6782430.0233,Wedge,-148.12813935138118,61.171648700792005,4357.299142057636,4358.817264959853,4426.177756388268,4427.638085144102,4461.975633467618,4463.514833143784,4442.989588299714,4444.691075850883,4384.57278051884,4386.275115087117,4411.782957564135,4413.33785823044,6066.256374352375,6078.801888483017,6037.914488372484,6050.225792269564,6084.817473363137,6097.134940047109,6063.329944188737,6075.670402735476,4188.766092898935,4204.085192856049,0.33601686597566216,356.52427964053936,0.003202112027121077,1.0050244692500745
439558.99849999975,6782268.150899999,Wedge,-148.1235576216726,61.170233408831265,4184.688764081911,4186.006883353267,4251.5487311415845,4253.053513326105,4289.851611296659,4291.183086085686,4273.094710644587,4274.553120840318,4214.128465472083,4215.582024870761,4239.664708367443,4241.0268374186335,5971.711821352748,5982.677633288082,5941.521049430385,5952.312701638,5988.971527153835,5999.769962944366,5967.404592114355,5978.219043320989,4233.483286232737,4246.545257231105,0.3360845617666588,358.4074068321307,0.0032096616707006785,1.0052269469626718
439744.33949999977,6782261.403999999,Wedge,-148.1201108862701,61.17020138841075,4181.771299126581,4181.797218700013,4246.790831082247,4247.357531907776,4287.048629311662,4287.162270437157,4272.191408174078,4272.193091780117,4212.972735875338,4212.972735875338,4237.016232823412,4237.154095598647,6021.376590619432,6021.376590619432,5990.061722885414,5990.061722885414,6037.792891043308,6037.792891043308,6016.205238762655,6016.205238762655,4362.933035814719,4363.122013661266,0.332810745492823,0.7981996312573756,0.003690332618565969,0.9954349817484245
